序号,链接,节点数
0,https://Oa4833.mcsslk.xyz/a72454b690047966ccba2c82afe246d4,0
1,https://gitlab.com/colloq168/nodefiltrate/-/raw/main/filtrate?ref_type=heads,0
2,https://ooW4k4.absslk.xyz/1700326f207c7f81d090b02334e8bf6f,0
3,https://raw.githubusercontent.com/Alvin9999/pac2/master/clash.meta2/1/config.yaml,0
4,https://raw.githubusercontent.com/Alvin9999/pac2/master/clash.meta2/13/config.yaml,0
5,https://raw.githubusercontent.com/Alvin9999/pac2/master/clash.meta2/15/config.yaml,0
6,https://raw.githubusercontent.com/Alvin9999/pac2/master/clash.meta2/2/config.yaml,0
7,https://raw.githubusercontent.com/Alvin9999/pac2/master/clash.meta2/config.yaml,0
8,https://raw.githubusercontent.com/Huibq/TrojanLinks/master/links/vmess,0
9,https://raw.githubusercontent.com/Surfboardv2ray/TGParse/main/python/hy2,7
10,https://raw.githubusercontent.com/Surfboardv2ray/TGParse/main/python/hysteria2,24
11,https://raw.githubusercontent.com/qjlxg/hy2/main/splitted/hy2,0
12,https://raw.githubusercontent.com/ripaojiedian/freenode/main/clash,14
13,https://raw.githubusercontent.com/ripaojiedian/freenode/main/sub,14
14,https://raw.githubusercontent.com/zhangkaiitugithub/passcro/main/speednodes.yaml,28
15,dynamic://peasoft,0

总计,,58
